split,label_id,label,count,share,train_imbalance_ratio_max_to_min
train,0,negative,21000,0.33333862442260986,1.0000476213153007
train,1,neutral,21000,0.33333862442260986,1.0000476213153007
train,2,positive,20999,0.3333227511547802,1.0000476213153007
val,0,negative,3000,0.3333333333333333,1.0000476213153007
val,1,neutral,3000,0.3333333333333333,1.0000476213153007
val,2,positive,3000,0.3333333333333333,1.0000476213153007
test,0,negative,6000,0.3333333333333333,1.0000476213153007
test,1,neutral,6000,0.3333333333333333,1.0000476213153007
test,2,positive,6000,0.3333333333333333,1.0000476213153007
